Facility,Barrows,Dascomb,Fairchild,Kahn,Price
Meter name,Electricity Use,Residential Electricity Use,Residential Electricity Use,Total Electricity Use,Price Residential Electricity Use
Meter id,oberlin_barrows_main_e,oberlin_dascomb_res_tot_e,oberlin_fairchild_res_tot_e,oberlin_kahn_main_e,oberlin_price_res_e
Timestamp,Barrows - Electricity Use (kWh),Dascomb - Residential Electricity Use (kWh),Fairchild - Residential Electricity Use (kWh),Kahn - Total Electricity Use (kWh),Price - Price Residential Electricity Use (kWh)
2022-12-28 09:00,2.19,2.64,0.43375,9.25,1.52979
2022-12-28 09:15,2.19,2.655,0.4975,8.8,1.47526
2022-12-28 09:30,2.28,2.625,0.6075,8.975,1.63129
2022-12-28 09:45,2.335,2.67,0.46375,8.875,1.72305
2022-12-28 10:00,2.25,2.655,0.52875,7.925,1.55374
2022-12-28 10:15,2.375,2.715,0.52125,8.25,1.48223
2022-12-28 10:30,2.155,2.58,0.49875,7.225,1.59627
2022-12-28 10:45,2.225,2.535,0.4425,7.05,1.62206
2022-12-28 11:00,2.31,2.505,0.5,6.95,1.77413
2022-12-28 11:15,2.15,2.535,0.53,6.425,1.6187
2022-12-28 11:30,2.205,2.61,0.45625,6.3,1.61191
2022-12-28 11:45,2.145,2.595,0.37875,6.1,1.68888
2022-12-28 12:00,2.335,2.595,0.45375,6.325,1.83121
2022-12-28 12:15,2.21,2.595,0.4425,6.45,1.81219
2022-12-28 12:30,2.215,2.655,0.5225,7.15,1.69397
2022-12-28 12:45,2.215,2.595,0.49875,6.55,1.75628
2022-12-28 13:00,2.185,2.58,0.5475,7.075,1.95035
2022-12-28 13:15,2.215,2.49,0.5925,7.4,1.88503
2022-12-28 13:30,2.21,2.535,0.475,7.325,1.76171
2022-12-28 13:45,2.24,2.49,0.43875,7.4,1.79189
2022-12-28 14:00,2.195,2.52,0.45875,7.35,1.81216
2022-12-28 14:15,2.26,2.49,0.59,8.0,1.71581
2022-12-28 14:30,2.065,2.595,0.35875,7.975,1.72805
2022-12-28 14:45,2.065,2.295,0.4525,8.05,1.8003
2022-12-28 15:00,2.115,2.31,0.4775,7.925,1.74058
2022-12-28 15:15,2.085,2.325,0.5575,8.05,1.70265
2022-12-28 15:30,2.12,2.325,0.465,6.9,1.6181
2022-12-28 15:45,2.115,2.31,0.4975,7.575,1.56803
2022-12-28 16:00,2.065,2.25,0.4175,7.175,1.69217
2022-12-28 16:15,2.105,2.265,0.3575,7.575,1.64191
2022-12-28 16:30,2.16,2.28,0.51,7.975,1.63667
2022-12-28 16:45,2.11,2.295,0.4475,8.775,1.59666
2022-12-28 17:00,2.19,2.28,0.4875,8.55,1.65289
2022-12-28 17:15,2.215,2.31,0.485,8.4,1.78633
2022-12-28 17:30,2.275,2.325,0.435,9.15,1.77228
2022-12-28 17:45,2.21,2.355,0.545,8.55,1.80445
2022-12-28 18:00,2.165,2.355,0.38375,8.5,1.70633
2022-12-28 18:15,2.26,2.31,0.40375,9.225,1.93343
2022-12-28 18:30,2.225,2.31,0.4725,8.875,1.76292
2022-12-28 18:45,2.285,2.295,0.51375,8.725,1.79712
2022-12-28 19:00,2.25,2.34,0.38625,9.1,1.72914
2022-12-28 19:15,2.235,2.355,0.4425,8.825,1.88466
2022-12-28 19:30,2.24,2.325,0.56375,9.175,1.82143
2022-12-28 19:45,2.345,2.28,0.4575,8.775,1.75558
2022-12-28 20:00,2.28,2.34,0.4675,8.95,1.81404
2022-12-28 20:15,2.285,2.37,0.495,8.775,1.82286
2022-12-28 20:30,2.25,2.37,0.415,8.925,1.8031
2022-12-28 20:45,2.275,2.325,0.40625,8.825,1.72838
2022-12-28 21:00,2.29,2.31,0.45,8.875,1.82694
2022-12-28 21:15,2.24,2.385,0.50375,8.925,1.76333
2022-12-28 21:30,2.22,2.355,0.42875,8.975,1.85152
2022-12-28 21:45,2.26,2.355,0.445,8.975,1.80747
2022-12-28 22:00,2.27,2.325,0.45625,8.85,1.79628
2022-12-28 22:15,2.245,2.385,0.42125,8.8,1.79749
2022-12-28 22:30,2.245,2.385,0.38125,9.025,1.86376
2022-12-28 22:45,2.24,2.34,0.48625,8.825,1.77718
2022-12-28 23:00,2.31,2.4,0.4725,9.025,1.70953
2022-12-28 23:15,2.325,2.325,0.3975,9.0,1.79834
2022-12-28 23:30,2.265,2.43,0.37,8.925,1.8438
2022-12-28 23:45,2.265,2.355,0.4675,8.975,1.83716
2022-12-29 00:00,2.24,2.37,0.55,8.875,1.79207
2022-12-29 00:15,2.27,2.31,0.45625,9.125,1.81064
2022-12-29 00:30,2.31,2.34,0.3975,8.8,1.77544
2022-12-29 00:45,2.195,2.37,0.445,9.05,1.75022
2022-12-29 01:00,2.235,2.385,0.38625,9.875,1.65508
2022-12-29 01:15,2.265,2.355,0.43375,8.925,1.68186
2022-12-29 01:30,2.275,2.4,0.50125,8.7,1.81553
2022-12-29 01:45,2.25,2.325,0.4125,9.45,1.66441
2022-12-29 02:00,2.235,2.37,0.42,8.7,1.72482
2022-12-29 02:15,2.26,2.385,0.44125,8.775,1.69929
2022-12-29 02:30,2.295,2.34,0.5175,9.2,1.77043
2022-12-29 02:45,2.285,2.37,0.42875,8.9,1.6722
2022-12-29 03:00,2.25,2.355,0.4175,9.05,1.67084
2022-12-29 03:15,2.275,2.34,0.42625,9.15,1.75416
2022-12-29 03:30,2.295,2.4,0.4225,8.625,1.81002
2022-12-29 03:45,2.29,2.385,0.40375,8.7,1.69615
2022-12-29 04:00,2.245,2.37,0.5475,8.925,1.65505
2022-12-29 04:15,2.23,2.34,0.50125,8.625,1.65054
2022-12-29 04:30,2.23,2.4,0.395,8.75,1.62129
2022-12-29 04:45,2.26,2.445,0.4325,8.85,1.64002
2022-12-29 05:00,2.25,2.37,0.42375,8.675,1.63516
2022-12-29 05:15,2.285,2.34,0.46875,8.75,1.63529
2022-12-29 05:30,2.26,2.355,0.5075,8.95,1.57056
2022-12-29 05:45,2.28,2.43,0.42875,8.75,1.74459
2022-12-29 06:00,2.255,2.385,0.39,8.625,1.65718
2022-12-29 06:15,2.235,2.37,0.41875,8.725,1.65017
2022-12-29 06:30,2.285,2.355,0.5125,8.625,1.6908
2022-12-29 06:45,2.295,2.37,0.47875,8.7,1.69148
2022-12-29 07:00,2.265,2.385,0.41875,9.1,1.62397
2022-12-29 07:15,2.4,2.43,0.40875,8.525,1.70806
2022-12-29 07:30,2.305,2.49,0.4325,8.775,1.72978
2022-12-29 07:45,2.145,2.475,0.41125,8.975,2.02298
2022-12-29 08:00,2.25,2.49,0.4725,8.4,2.03068
2022-12-29 08:15,2.17,2.52,0.47875,8.9,1.67651
2022-12-29 08:30,2.3,2.4,0.44625,8.35,1.71034
2022-12-29 08:45,2.15,2.46,0.41875,8.55,1.82013
2022-12-29 09:00,2.115,2.49,0.53375,9.1,1.73028
2022-12-29 09:15,2.08,2.49,0.5,8.575,1.64747
2022-12-29 09:30,2.155,2.475,0.43375,9.225,1.72899
2022-12-29 09:45,2.185,2.415,0.4,9.8,1.67525
2022-12-29 10:00,2.095,2.325,0.44125,8.45,1.72203
2022-12-29 10:15,2.055,2.265,0.41625,9.125,1.63801
2022-12-29 10:30,2.11,2.34,0.4525,8.775,1.65784
2022-12-29 10:45,2.075,2.355,0.51625,9.275,1.68432
2022-12-29 11:00,2.07,2.28,0.45375,8.75,1.62072
2022-12-29 11:15,2.165,2.28,0.425,8.375,1.62388
2022-12-29 11:30,1.99,2.31,0.425,8.35,1.5208
2022-12-29 11:45,1.515,2.325,0.4425,7.25,1.62331
2022-12-29 12:00,1.5,2.325,0.38,7.575,1.67761
2022-12-29 12:15,1.515,2.325,0.4625,7.55,1.60756
2022-12-29 12:30,1.505,2.37,0.51125,8.575,1.57169
2022-12-29 12:45,1.52,2.37,0.4375,8.8,1.6176
2022-12-29 13:00,1.565,2.28,0.455,8.65,1.69619
2022-12-29 13:15,1.495,2.25,0.4375,8.475,1.56791
2022-12-29 13:30,1.49,2.28,0.375,8.575,1.73078
2022-12-29 13:45,1.535,2.145,0.475,8.4,1.68167
2022-12-29 14:00,1.55,2.205,0.48625,8.075,1.47369
2022-12-29 14:15,1.515,2.31,0.385,9.075,1.51846
2022-12-29 14:30,1.59,2.325,0.4125,9.225,1.41788
2022-12-29 14:45,1.585,2.16,0.5175,9.225,1.36541
2022-12-29 15:00,1.51,2.175,0.38125,8.925,1.37691
2022-12-29 15:15,1.495,2.22,0.45875,8.15,1.42645
2022-12-29 15:30,1.475,2.19,0.46375,8.2,1.33018
2022-12-29 15:45,1.46,2.16,0.37625,7.925,1.35282
2022-12-29 16:00,1.45,2.19,0.425,8.25,1.356
2022-12-29 16:15,1.45,2.145,0.4525,8.0,1.40871
2022-12-29 16:30,1.49,2.19,0.38125,8.475,1.43435
2022-12-29 16:45,1.455,2.19,0.48375,8.775,1.37148
2022-12-29 17:00,1.53,2.19,0.44625,8.675,1.38748
2022-12-29 17:15,1.605,2.19,0.415,8.825,1.55004
2022-12-29 17:30,1.56,2.175,0.45,8.275,1.46586
2022-12-29 17:45,1.635,2.205,0.46875,8.6,1.49225
2022-12-29 18:00,1.605,2.235,0.45125,8.65,1.51377
2022-12-29 18:15,1.585,2.175,0.5125,8.45,1.59012
2022-12-29 18:30,1.575,2.205,0.46625,8.3,1.61108
2022-12-29 18:45,1.535,2.16,0.36625,8.525,1.4552
2022-12-29 19:00,1.595,2.19,0.46875,8.35,1.50756
2022-12-29 19:15,1.575,2.175,0.455,8.725,1.67331
2022-12-29 19:30,1.605,2.145,0.43125,8.325,1.42935
2022-12-29 19:45,1.6,2.22,0.49125,8.175,1.52922
2022-12-29 20:00,1.595,2.175,0.42,8.6,1.4475
2022-12-29 20:15,1.61,2.22,0.415,8.475,1.57691
2022-12-29 20:30,1.645,2.16,0.44,8.075,1.46889
2022-12-29 20:45,1.7,2.145,0.395,8.25,1.49696
2022-12-29 21:00,1.64,2.145,0.45125,7.875,1.50647
2022-12-29 21:15,1.59,2.205,0.42125,8.275,1.56438
2022-12-29 21:30,1.58,2.16,0.405,7.85,1.5043
2022-12-29 21:45,1.64,2.13,0.43,7.9,1.4549
2022-12-29 22:00,1.635,2.13,0.4125,8.2,1.4943
2022-12-29 22:15,1.605,2.19,0.385,7.775,1.5
2022-12-29 22:30,1.56,2.205,0.445,7.8,1.47743
2022-12-29 22:45,1.575,2.175,0.41375,8.2,1.43808
2022-12-29 23:00,1.59,2.145,0.5075,8.275,1.48969
2022-12-29 23:15,1.635,2.205,0.4425,8.0,1.62309
2022-12-29 23:30,1.625,2.145,0.3675,8.125,1.43539
2022-12-29 23:45,1.61,2.16,0.385,7.975,1.44867
2022-12-30 00:00,1.47,2.19,0.47125,8.0,1.4843
2022-12-30 00:15,1.475,2.16,0.3825,8.35,1.50523
2022-12-30 00:30,1.47,2.145,0.46875,8.325,1.56941
2022-12-30 00:45,1.47,2.1,0.41,8.65,1.44874
2022-12-30 01:00,1.47,2.175,0.38875,8.25,1.47526
2022-12-30 01:15,1.48,2.22,0.42375,8.0,1.44329
2022-12-30 01:30,1.5,2.13,0.43375,7.825,1.5475
2022-12-30 01:45,1.465,2.115,0.39,7.825,1.4482
2022-12-30 02:00,1.455,2.13,0.405,7.975,1.49726
2022-12-30 02:15,1.465,2.16,0.3925,8.125,1.53131
2022-12-30 02:30,1.43,2.085,0.46625,7.7,1.53313
2022-12-30 02:45,1.445,2.145,0.43625,8.075,1.43908
2022-12-30 03:00,1.52,2.16,0.42,7.65,1.45768
2022-12-30 03:15,1.475,2.115,0.39625,8.2,1.60712
2022-12-30 03:30,1.445,2.115,0.3675,7.875,1.43325
2022-12-30 03:45,1.41,2.115,0.40125,8.05,1.47655
2022-12-30 04:00,1.415,2.13,0.4575,7.525,1.47444
2022-12-30 04:15,1.435,2.13,0.38125,8.175,1.53873
2022-12-30 04:30,1.45,2.13,0.485,7.675,1.45404
2022-12-30 04:45,1.53,2.115,0.40375,7.9,1.44999
2022-12-30 05:00,1.48,2.1,0.4025,7.775,1.48001
2022-12-30 05:15,1.45,2.145,0.40375,7.625,1.48944
2022-12-30 05:30,1.44,2.19,0.3575,8.05,1.46919
2022-12-30 05:45,1.455,2.1,0.42375,7.6,1.50349
2022-12-30 06:00,1.5,2.13,0.4475,7.375,1.46546
2022-12-30 06:15,1.495,2.115,0.445,7.7,1.57815
2022-12-30 06:30,1.455,2.115,0.4075,7.45,1.43504
2022-12-30 06:45,1.425,2.16,0.36625,8.0,1.42302
2022-12-30 07:00,1.505,2.175,0.47,7.525,1.4405
2022-12-30 07:15,1.69,2.22,0.37625,7.9,1.52805
2022-12-30 07:30,1.665,2.265,0.3675,7.95,1.43333
2022-12-30 07:45,1.78,2.25,0.49875,7.75,1.49026
2022-12-30 08:00,2.03,2.31,0.4275,8.475,1.4029
2022-12-30 08:15,2.28,2.205,0.41125,7.825,1.49483
2022-12-30 08:30,2.53,2.385,0.40875,8.025,1.2958
2022-12-30 08:45,2.135,2.235,0.38,7.1,1.33311
2022-12-30 09:00,2.28,2.205,0.43625,7.95,1.34169
2022-12-30 09:15,1.71,2.25,0.385,7.025,1.34881
2022-12-30 09:30,1.5,2.28,0.465,8.475,1.41488
2022-12-30 09:45,1.53,2.34,0.42625,8.2,1.32207
2022-12-30 10:00,1.49,2.34,0.40625,8.475,1.24179
2022-12-30 10:15,1.48,2.37,0.39375,8.7,1.33788
2022-12-30 10:30,1.465,2.43,0.35125,8.65,1.37204
2022-12-30 10:45,1.47,2.565,0.44875,8.725,1.33581
2022-12-30 11:00,1.535,2.46,0.4275,7.85,1.31233
2022-12-30 11:15,1.71,2.43,0.40625,7.4,1.34796
2022-12-30 11:30,1.53,2.46,0.43875,8.3,1.38019
2022-12-30 11:45,1.525,2.475,0.37875,7.675,1.32863
2022-12-30 12:00,1.505,2.355,0.455,7.95,1.3446
2022-12-30 12:15,1.545,2.325,0.42125,7.075,1.3264
2022-12-30 12:30,1.46,2.355,0.35,9.3,1.39905
2022-12-30 12:45,1.475,2.415,0.405,7.8,1.36366
2022-12-30 13:00,1.53,2.415,0.41125,7.175,1.22543
2022-12-30 13:15,1.455,2.385,0.46625,6.025,1.10653
2022-12-30 13:30,1.475,2.55,0.4175,6.65,1.20355
2022-12-30 13:45,1.5,2.34,0.4175,7.375,1.13419
2022-12-30 14:00,1.435,2.13,0.4225,7.2,1.10981
2022-12-30 14:15,1.475,2.19,0.35875,7.35,1.13795
2022-12-30 14:30,1.465,2.01,0.44375,7.65,1.07993
2022-12-30 14:45,1.46,2.025,0.39125,7.225,1.20643
2022-12-30 15:00,1.505,1.995,0.4075,8.075,1.10218
2022-12-30 15:15,1.495,1.965,0.49125,7.475,1.15679
2022-12-30 15:30,1.495,1.995,0.36375,7.625,1.13119
2022-12-30 15:45,1.455,1.95,0.4175,7.35,1.20658
2022-12-30 16:00,1.465,1.95,0.3775,8.15,1.15352
2022-12-30 16:15,1.455,1.98,0.4125,7.775,1.15
2022-12-30 16:30,1.425,1.995,0.45375,7.875,1.11783
2022-12-30 16:45,1.46,2.025,0.40625,7.875,1.23207
2022-12-30 17:00,1.555,2.025,0.42125,8.525,1.26662
2022-12-30 17:15,1.625,2.025,0.395,8.625,1.23568
2022-12-30 17:30,1.58,2.01,0.44625,8.35,1.33503
2022-12-30 17:45,1.555,2.025,0.43,7.875,1.47069
2022-12-30 18:00,1.55,2.01,0.3975,8.325,1.42152
2022-12-30 18:15,1.565,1.995,0.4475,7.85,1.4938
2022-12-30 18:30,1.63,2.01,0.39,8.075,1.47328
2022-12-30 18:45,1.59,2.04,0.435,7.65,1.55694
2022-12-30 19:00,1.615,2.025,0.3575,8.25,1.56103
2022-12-30 19:15,1.57,1.995,0.38875,7.875,1.51454
2022-12-30 19:30,1.585,2.04,0.465,8.4,1.56686
2022-12-30 19:45,1.595,2.025,0.39125,8.125,1.59302
2022-12-30 20:00,1.625,1.98,0.4575,7.75,1.48977
2022-12-30 20:15,1.61,2.01,0.3725,8.225,1.52255
2022-12-30 20:30,1.545,2.07,0.415,7.9,1.48235
2022-12-30 20:45,1.595,2.01,0.41,8.45,1.47768
2022-12-30 21:00,1.585,2.025,0.39125,8.15,1.66581
2022-12-30 21:15,1.6,2.025,0.4375,8.0,1.51263
2022-12-30 21:30,1.645,2.04,0.39125,7.925,1.55291
2022-12-30 21:45,1.56,2.01,0.46625,7.65,1.49196
2022-12-30 22:00,1.525,2.055,0.37,8.175,1.62936
2022-12-30 22:15,1.61,2.07,0.41875,7.525,1.56917
2022-12-30 22:30,1.59,2.025,0.43375,8.25,1.63202
2022-12-30 22:45,1.625,2.025,0.39625,8.125,1.69819
2022-12-30 23:00,1.585,2.055,0.49375,8.3,1.80455
2022-12-30 23:15,1.585,2.055,0.395,8.175,1.63452
2022-12-30 23:30,1.6,2.025,0.39875,8.2,1.75084
2022-12-30 23:45,1.585,2.055,0.3975,8.025,1.68815
2022-12-31 00:00,1.6,2.055,0.37375,7.55,1.69377
2022-12-31 00:15,1.59,2.085,0.425,7.625,1.76743
2022-12-31 00:30,1.64,2.07,0.41875,7.875,1.80973
2022-12-31 00:45,1.575,2.07,0.455,7.775,1.68177
2022-12-31 01:00,1.59,2.04,0.4,8.075,1.6816
2022-12-31 01:15,1.56,2.085,0.41,7.6,1.68979
2022-12-31 01:30,1.53,2.055,0.41,7.75,1.70995
2022-12-31 01:45,1.57,2.07,0.3475,7.9,1.76437
2022-12-31 02:00,1.58,2.085,0.4275,7.7,1.75986
2022-12-31 02:15,1.59,2.1,0.43125,7.975,1.66044
2022-12-31 02:30,1.54,2.07,0.5375,7.825,1.69005
2022-12-31 02:45,1.545,2.07,0.4875,7.925,1.64028
2022-12-31 03:00,1.625,2.07,0.39125,8.175,1.77895
2022-12-31 03:15,1.605,2.1,0.41875,7.275,1.73431
2022-12-31 03:30,1.6,2.13,0.39375,8.0,1.6702
2022-12-31 03:45,1.61,2.115,0.43125,7.55,1.6896
2022-12-31 04:00,1.595,2.1,0.4625,7.85,1.74149
2022-12-31 04:15,1.61,2.115,0.485,7.925,1.62197
2022-12-31 04:30,1.58,2.115,0.4725,7.525,1.73163
2022-12-31 04:45,1.575,2.13,0.395,8.325,1.69357
2022-12-31 05:00,1.555,2.13,0.56125,7.75,1.76344
2022-12-31 05:15,1.595,2.145,0.45125,7.9,1.75103
2022-12-31 05:30,1.555,2.13,0.41625,7.8,1.68876
2022-12-31 05:45,1.545,2.1,0.45375,7.85,1.74301
2022-12-31 06:00,1.595,2.145,0.38375,7.825,1.719
2022-12-31 06:15,1.56,2.16,0.48625,7.65,1.72613
2022-12-31 06:30,1.6,2.085,0.50375,7.9,1.71354
2022-12-31 06:45,1.6,2.1,0.43875,7.65,1.66139
2022-12-31 07:00,1.555,2.13,0.44625,8.4,1.66869
2022-12-31 07:15,1.555,2.145,0.36625,7.775,1.72622
2022-12-31 07:30,1.575,2.115,0.44625,7.55,1.76966
2022-12-31 07:45,1.51,2.19,0.42375,7.85,1.68693
2022-12-31 08:00,1.425,2.145,0.43375,7.35,1.61468
2022-12-31 08:15,1.435,2.13,0.435,7.775,1.51789
2022-12-31 08:30,1.405,2.07,0.36875,7.475,1.52543
2022-12-31 08:45,1.41,2.115,0.41125,7.775,1.6854
2022-12-31 09:00,1.455,2.115,0.42125,7.55,1.5118
2022-12-31 09:15,1.475,2.1,0.465,7.475,1.49701
2022-12-31 09:30,1.435,2.085,0.5475,7.7,1.53353
2022-12-31 09:45,1.42,2.1,0.39,7.175,1.52192
2022-12-31 10:00,1.415,2.085,0.43,8.525,1.60716
2022-12-31 10:15,1.45,2.085,0.38375,7.55,1.60839
2022-12-31 10:30,1.415,2.13,0.43375,8.05,1.59903
2022-12-31 10:45,1.455,2.07,0.515,7.6,1.51687
2022-12-31 11:00,1.385,2.085,0.41875,8.225,1.53313
2022-12-31 11:15,1.485,2.085,0.47125,7.325,1.48877
2022-12-31 11:30,1.47,2.115,0.45375,7.875,1.38608
2022-12-31 11:45,1.4,2.07,0.4375,7.575,1.36034
2022-12-31 12:00,1.41,2.115,0.52125,7.85,1.56913
2022-12-31 12:15,1.42,2.085,0.3525,7.725,1.60868
2022-12-31 12:30,1.445,2.1,0.4175,7.25,1.54736
2022-12-31 12:45,1.42,2.07,0.47125,7.575,1.56572
2022-12-31 13:00,1.46,2.13,0.40875,7.5,1.58081
2022-12-31 13:15,1.455,2.115,0.455,7.6,1.50902
2022-12-31 13:30,1.58,2.115,0.42625,7.475,1.61117
2022-12-31 13:45,2.055,2.1,0.3925,7.35,1.62278
2022-12-31 14:00,2.02,2.115,0.4175,7.775,1.52625
2022-12-31 14:15,2.04,2.115,0.39375,7.375,1.55336
2022-12-31 14:30,2.02,2.085,0.43875,7.65,1.52268
2022-12-31 14:45,2.0,2.145,0.3975,7.6,1.65839
2022-12-31 15:00,2.065,2.205,0.44125,8.1,1.55949
2022-12-31 15:15,2.025,2.115,0.4475,9.65,1.572
2022-12-31 15:30,2.01,2.13,0.35125,8.75,1.52258
2022-12-31 15:45,2.015,2.205,0.4875,8.4,1.5484
2022-12-31 16:00,2.055,2.34,0.47125,8.175,1.64454
2022-12-31 16:15,2.06,2.325,0.40375,8.025,1.55853
2022-12-31 16:30,1.97,2.475,0.43125,8.5,1.57956
2022-12-31 16:45,2.025,2.58,0.365,8.025,1.61039
2022-12-31 17:00,2.1,2.505,0.48375,9.075,1.57549
2022-12-31 17:15,2.19,2.4,0.435,8.35,1.74097
2022-12-31 17:30,2.245,2.415,0.44125,8.55,1.68242
2022-12-31 17:45,2.17,2.445,0.45,8.35,1.72436
2022-12-31 18:00,2.155,2.43,0.36625,7.9,1.74389
2022-12-31 18:15,2.175,2.4,0.48,8.325,1.71703
2022-12-31 18:30,2.185,2.46,0.49125,7.975,1.76382
2022-12-31 18:45,2.2,2.4,0.4075,8.6,1.68866
2022-12-31 19:00,2.175,2.445,0.39125,7.975,1.69903
2022-12-31 19:15,2.195,2.415,0.3725,8.2,1.68088
2022-12-31 19:30,2.12,2.445,0.53125,8.65,1.83326
2022-12-31 19:45,2.195,2.43,0.495,8.2,1.66273
2022-12-31 20:00,2.165,2.445,0.40875,8.125,1.75467
2022-12-31 20:15,2.12,2.475,0.46375,8.425,1.70815
2022-12-31 20:30,2.18,2.445,0.37875,8.3,1.69983
2022-12-31 20:45,2.28,2.49,0.4775,8.7,1.76289
2022-12-31 21:00,2.2,2.475,0.47875,7.925,1.76221
2022-12-31 21:15,2.115,2.4,0.405,8.175,1.67999
2022-12-31 21:30,2.205,2.31,0.44875,8.525,1.70678
2022-12-31 21:45,2.215,2.355,0.3975,8.05,1.73763
2022-12-31 22:00,2.24,2.415,0.51625,8.125,1.80511
2022-12-31 22:15,2.12,2.325,0.4625,8.6,1.66972
2022-12-31 22:30,1.98,2.34,0.38,8.375,1.73129
2022-12-31 22:45,1.95,2.37,0.43,9.075,2.16612
2022-12-31 23:00,1.95,2.4,0.46125,8.875,2.00851
2022-12-31 23:15,1.975,2.34,0.45375,8.6,2.07475
2022-12-31 23:30,1.99,2.325,0.4675,9.35,1.93266
2022-12-31 23:45,1.95,2.325,0.34125,9.025,1.88776
2023-01-01 00:00,1.96,2.385,0.4125,9.1,2.00811
2023-01-01 00:15,1.96,2.355,0.38,8.55,2.00002
2023-01-01 00:30,1.96,2.355,0.44125,8.55,1.95314
2023-01-01 00:45,2.045,2.355,0.4925,8.9,1.92555
2023-01-01 01:00,1.96,2.34,0.4325,8.625,1.94118
2023-01-01 01:15,2.005,2.385,0.44375,8.75,1.97002
2023-01-01 01:30,1.995,2.4,0.4325,9.35,1.9807
2023-01-01 01:45,1.985,2.37,0.32125,8.775,1.91445
2023-01-01 02:00,2.01,2.325,0.39875,9.3,1.93013
2023-01-01 02:15,1.995,2.34,0.43375,8.7,1.86922
2023-01-01 02:30,2.01,2.385,0.3825,8.925,1.9337
2023-01-01 02:45,2.0,2.43,0.47625,9.375,1.97073
2023-01-01 03:00,1.95,2.385,0.40625,8.875,1.89472
2023-01-01 03:15,1.965,2.355,0.39375,9.25,1.94619
2023-01-01 03:30,1.94,2.4,0.3925,8.4,1.89115
2023-01-01 03:45,1.98,2.4,0.33875,8.725,1.98821
2023-01-01 04:00,1.975,2.415,0.405,9.05,1.91836
2023-01-01 04:15,2.0,2.43,0.40875,8.875,1.90028
2023-01-01 04:30,2.0,2.4,0.37125,9.25,1.93351
2023-01-01 04:45,1.975,2.355,0.4375,8.75,1.94831
2023-01-01 05:00,1.975,2.385,0.36375,9.125,1.94789
2023-01-01 05:15,1.955,2.415,0.42,9.15,1.94565
2023-01-01 05:30,1.985,2.385,0.36875,8.65,1.88013
2023-01-01 05:45,1.975,2.4,0.37625,9.175,1.90979
2023-01-01 06:00,2.0,2.385,0.3875,8.3,1.99602
2023-01-01 06:15,1.995,2.4,0.3775,9.25,1.94861
2023-01-01 06:30,1.94,2.385,0.42125,8.6,1.93268
2023-01-01 06:45,1.99,2.4,0.3625,8.65,1.87933
2023-01-01 07:00,1.965,2.355,0.3425,9.125,1.92134
2023-01-01 07:15,1.965,2.355,0.4625,8.525,1.95113
2023-01-01 07:30,1.92,2.43,0.35125,9.0,1.87555
2023-01-01 07:45,1.815,2.43,0.5375,8.3,1.91862
2023-01-01 08:00,1.815,2.34,0.3725,8.8,1.78294
2023-01-01 08:15,1.845,2.355,0.395,8.2,1.81899
2023-01-01 08:30,1.815,2.37,0.41875,8.65,1.84958
2023-01-01 08:45,1.845,2.415,0.4425,8.6,1.78688
2023-01-01 09:00,1.795,2.37,0.39,8.425,1.84724
2023-01-01 09:15,1.825,2.355,0.37625,8.7,1.82761
2023-01-01 09:30,1.825,2.37,0.39875,8.075,1.84863
2023-01-01 09:45,1.785,2.37,0.535,9.0,1.82179
2023-01-01 10:00,1.825,2.34,0.3375,8.025,1.73101
2023-01-01 10:15,1.82,2.34,0.46875,8.8,1.79143
2023-01-01 10:30,1.83,2.34,0.34875,8.625,1.81081
2023-01-01 10:45,1.82,2.385,0.37375,8.475,1.80262
2023-01-01 11:00,1.785,2.34,0.4525,9.075,1.75586
2023-01-01 11:15,1.785,2.34,0.35,8.275,1.75845
2023-01-01 11:30,1.815,2.37,0.4025,8.85,1.76571
2023-01-01 11:45,1.825,2.205,0.43375,8.375,1.88155
2023-01-01 12:00,1.8,2.19,0.39875,7.9,1.77711
2023-01-01 12:15,1.84,2.175,0.3775,8.225,1.77801
2023-01-01 12:30,1.81,2.235,0.36375,8.05,1.73472
2023-01-01 12:45,1.81,2.22,0.39,8.275,1.74517
2023-01-01 13:00,1.815,2.175,0.31375,7.825,1.8683
2023-01-01 13:15,1.835,2.16,0.425,7.975,1.71936
2023-01-01 13:30,1.86,2.22,0.3725,8.35,1.76142
2023-01-01 13:45,1.79,2.22,0.4,8.15,1.80009
2023-01-01 14:00,1.775,2.205,0.4225,8.375,1.75996
2023-01-01 14:15,1.83,2.205,0.37,8.425,1.86725
2023-01-01 14:30,1.805,2.175,0.45375,8.975,1.82475
2023-01-01 14:45,1.83,2.22,0.42,8.575,1.71114
2023-01-01 15:00,1.835,2.25,0.3975,9.325,1.76831
2023-01-01 15:15,1.815,2.19,0.38,8.575,1.86931
2023-01-01 15:30,1.79,2.19,0.40875,8.25,1.79815
2023-01-01 15:45,1.795,2.205,0.45125,8.675,1.75705
2023-01-01 16:00,1.81,2.19,0.3775,8.275,1.79968
2023-01-01 16:15,1.825,2.235,0.44625,9.275,1.738
2023-01-01 16:30,1.83,2.25,0.39375,8.575,1.86778
2023-01-01 16:45,1.875,2.265,0.3975,9.025,1.81489
2023-01-01 17:00,1.9,2.22,0.45,8.7,1.93503
2023-01-01 17:15,1.935,2.235,0.35875,8.25,1.91103
2023-01-01 17:30,1.93,2.235,0.4225,8.675,1.99723
2023-01-01 17:45,1.925,2.22,0.4275,8.6,1.88379
2023-01-01 18:00,1.98,2.205,0.415,8.9,1.95919
2023-01-01 18:15,2.025,2.25,0.38125,9.05,1.87878
2023-01-01 18:30,2.01,2.22,0.395,8.6,1.95336
2023-01-01 18:45,1.935,2.265,0.41125,8.65,1.98978
2023-01-01 19:00,1.955,2.25,0.36875,9.4,1.90053
2023-01-01 19:15,1.99,2.235,0.5025,8.525,1.84412
2023-01-01 19:30,1.975,2.205,0.40625,8.55,1.96651
2023-01-01 19:45,1.99,2.235,0.46,8.325,2.02769
2023-01-01 20:00,1.975,2.22,0.3625,8.325,2.04489
2023-01-01 20:15,2.015,2.235,0.3925,8.775,1.90398
2023-01-01 20:30,1.945,2.25,0.43375,8.45,1.90783
2023-01-01 20:45,1.975,2.235,0.42875,9.475,1.91316
2023-01-01 21:00,2.03,2.205,0.3925,11.8,1.96928
2023-01-01 21:15,1.985,2.22,0.34,10.95,1.91753
2023-01-01 21:30,2.0,2.25,0.4125,9.9,1.94523
2023-01-01 21:45,1.975,2.265,0.35375,8.6,1.8799
2023-01-01 22:00,1.96,2.175,0.40375,8.725,1.87356
2023-01-01 22:15,1.955,2.22,0.445,8.35,1.98701
2023-01-01 22:30,1.935,2.19,0.40125,8.5,1.84563
2023-01-01 22:45,1.95,2.25,0.42375,8.775,1.93465
2023-01-01 23:00,1.985,2.235,0.32625,8.5,1.96102
2023-01-01 23:15,1.95,2.205,0.37375,8.825,1.90786
2023-01-01 23:30,1.995,2.205,0.3575,8.325,1.94338
2023-01-01 23:45,1.945,2.235,0.42875,9.15,1.93755
2023-01-02 00:00,1.92,2.175,0.35625,9.975,1.8099
2023-01-02 00:15,1.95,2.22,0.4125,9.675,1.90844
2023-01-02 00:30,1.98,2.205,0.4125,9.1,1.97856
2023-01-02 00:45,2.025,2.235,0.375,8.35,1.90125
2023-01-02 01:00,2.045,2.205,0.38625,8.6,1.85925
2023-01-02 01:15,1.965,2.175,0.37,8.35,1.86978
2023-01-02 01:30,1.97,2.19,0.37875,8.525,1.89978
2023-01-02 01:45,1.945,2.265,0.34625,8.475,2.02273
2023-01-02 02:00,2.0,2.22,0.4075,8.125,1.89425
2023-01-02 02:15,1.945,2.205,0.41625,8.625,1.95365
2023-01-02 02:30,1.95,2.16,0.43125,8.15,1.80711
2023-01-02 02:45,1.945,2.235,0.425,8.45,1.94521
2023-01-02 03:00,1.955,2.25,0.33375,8.075,1.95315
2023-01-02 03:15,1.965,2.19,0.40875,8.075,1.97357
2023-01-02 03:30,1.96,2.175,0.345,8.25,1.88573
2023-01-02 03:45,1.965,2.175,0.37875,8.25,1.92089
2023-01-02 04:00,1.95,2.22,0.3325,8.525,1.93096
2023-01-02 04:15,1.965,2.19,0.4475,7.625,1.92667
2023-01-02 04:30,1.985,2.205,0.3925,8.25,1.90365
2023-01-02 04:45,1.99,2.205,0.39875,7.8,1.89987
2023-01-02 05:00,2.02,2.175,0.3625,7.6,1.92565
2023-01-02 05:15,1.955,2.205,0.36375,8.175,1.95562
2023-01-02 05:30,1.955,2.205,0.4275,7.7,1.90528
2023-01-02 05:45,1.975,2.19,0.33375,8.3,1.95201
2023-01-02 06:00,1.95,2.175,0.41125,7.725,1.84775
2023-01-02 06:15,1.935,2.16,0.36125,7.675,1.98243
2023-01-02 06:30,1.935,2.205,0.405,8.025,1.95262
2023-01-02 06:45,1.95,2.19,0.3575,7.775,1.86027
2023-01-02 07:00,1.965,2.205,0.43125,7.925,1.89728
2023-01-02 07:15,1.93,2.16,0.36875,7.9,1.95376
2023-01-02 07:30,1.885,2.16,0.4025,8.35,1.97215
2023-01-02 07:45,1.825,2.235,0.37625,8.3,1.89247
2023-01-02 08:00,1.775,2.19,0.35875,7.825,1.96489
2023-01-02 08:15,1.855,2.205,0.415,8.1,1.77315
2023-01-02 08:30,1.86,2.115,0.3575,7.775,1.86026
2023-01-02 08:45,1.93,2.205,0.3975,8.325,1.78627
2023-01-02 09:00,1.825,2.25,0.35875,8.0,1.79573
2023-01-02 09:15,1.835,2.4,0.44625,8.15,1.71844
2023-01-02 09:30,1.77,2.37,0.485,8.575,1.75968
2023-01-02 09:45,1.805,2.28,0.4525,8.375,1.85517
2023-01-02 10:00,1.835,2.28,0.4325,8.475,1.80639
2023-01-02 10:15,1.79,2.28,0.42125,8.2,1.7174
2023-01-02 10:30,1.75,2.37,0.38125,8.2,1.80697
2023-01-02 10:45,1.75,2.37,0.36875,8.525,1.78945
2023-01-02 11:00,1.805,2.34,0.38375,8.175,1.81194
2023-01-02 11:15,1.86,2.325,0.4025,8.425,1.78877
2023-01-02 11:30,1.83,2.415,0.475,7.925,1.7111
2023-01-02 11:45,1.845,2.445,0.415,8.6,1.54178
2023-01-02 12:00,1.865,2.4,0.43,8.375,1.70901
2023-01-02 12:15,1.82,2.34,0.67,9.45,1.59706
2023-01-02 12:30,1.885,2.385,1.2,9.425,1.63749
2023-01-02 12:45,1.85,2.49,1.21875,10.15,1.70487
2023-01-02 13:00,1.955,2.58,1.98625,11.175,1.70538
2023-01-02 13:15,1.935,2.64,1.48375,9.675,1.81163
2023-01-02 13:30,2.705,2.685,2.13375,9.325,1.81548
2023-01-02 13:45,3.42,2.73,1.82875,9.825,1.80847
2023-01-02 14:00,3.125,2.715,1.6975,11.075,1.83276
2023-01-02 14:15,3.04,2.73,1.455,11.725,1.80593
2023-01-02 14:30,2.335,2.865,1.755,9.975,1.83706
2023-01-02 14:45,1.895,2.805,1.69125,11.275,1.8194
2023-01-02 15:00,1.935,2.745,1.87375,11.95,1.84058
2023-01-02 15:15,1.965,2.79,1.95125,13.925,1.84199
2023-01-02 15:30,1.95,2.805,1.185,13.175,1.88965
2023-01-02 15:45,1.88,2.835,0.6225,10.5,1.87156
2023-01-02 16:00,1.955,3.765,0.61125,11.75,1.73395
2023-01-02 16:15,2.01,3.81,1.1575,11.775,1.77243
2023-01-02 16:30,1.91,3.87,2.44125,11.85,1.79293
2023-01-02 16:45,1.975,3.645,2.155,9.9,1.96077
2023-01-02 17:00,2.02,2.775,1.59375,9.175,2.00026
2023-01-02 17:15,2.17,2.715,1.46125,9.275,1.97806
2023-01-02 17:30,2.18,2.76,1.26875,8.725,1.79956
2023-01-02 17:45,2.11,2.835,1.06375,9.575,2.06259
2023-01-02 18:00,2.14,2.775,1.06,8.95,1.87736
2023-01-02 18:15,2.185,2.715,0.88125,9.6,2.00607
2023-01-02 18:30,2.17,2.76,0.5125,9.4,2.12511
2023-01-02 18:45,2.255,2.82,0.58625,9.55,1.8909
2023-01-02 19:00,2.345,2.835,0.6325,10.8,1.85953
2023-01-02 19:15,2.375,2.865,0.61375,10.2,1.97169
2023-01-02 19:30,2.25,2.805,0.56625,10.525,2.75278
2023-01-02 19:45,2.265,2.85,0.5975,11.975,2.54165
2023-01-02 20:00,2.525,2.835,0.905,11.975,2.34766
2023-01-02 20:15,2.35,2.835,1.5325,11.375,2.27161
2023-01-02 20:30,2.345,2.895,1.34625,10.95,2.33708
2023-01-02 20:45,2.325,2.895,1.24625,11.425,3.10667
2023-01-02 21:00,2.31,2.94,0.91375,10.05,3.00177
2023-01-02 21:15,2.335,2.91,1.08875,9.875,2.85578
2023-01-02 21:30,2.515,2.865,0.7425,8.875,2.75555
2023-01-02 21:45,2.425,2.895,0.61,10.2,2.33804
2023-01-02 22:00,2.4,2.91,0.68625,9.35,2.37832
2023-01-02 22:15,2.51,2.91,0.61125,9.375,2.39684
2023-01-02 22:30,2.58,3.405,0.6725,9.675,2.29482
2023-01-02 22:45,2.345,3.915,0.66375,10.425,2.3701
2023-01-02 23:00,2.33,3.765,0.62375,10.05,2.44755
2023-01-02 23:15,2.48,3.78,0.7225,9.2,2.47715
2023-01-02 23:30,2.445,3.195,0.66375,9.575,2.39399
2023-01-02 23:45,2.48,2.895,0.77,9.275,3.74208
2023-01-03 00:00,2.33,2.985,0.6875,8.725,3.64059
2023-01-03 00:15,3.685,2.865,0.84,8.65,3.52246
2023-01-03 00:30,3.9,2.91,0.76,7.75,3.54812
2023-01-03 00:45,3.545,2.865,0.57,8.5,2.3703
2023-01-03 01:00,3.31,2.835,0.6025,8.7,2.41995
2023-01-03 01:15,2.235,2.865,0.62375,8.65,2.31538
2023-01-03 01:30,2.175,2.76,0.56625,8.55,2.23794
2023-01-03 01:45,2.25,2.79,0.6875,8.275,2.24259
2023-01-03 02:00,2.205,2.745,0.58625,8.35,2.28996
2023-01-03 02:15,2.195,2.76,0.55875,7.95,2.26431
2023-01-03 02:30,2.205,2.79,0.6075,8.275,2.24954
2023-01-03 02:45,2.19,2.775,0.48,8.375,2.20187
2023-01-03 03:00,2.18,2.775,0.5225,8.025,2.27113
2023-01-03 03:15,2.02,2.745,0.63375,8.05,2.21109
2023-01-03 03:30,1.58,2.775,0.565,7.55,2.23762
2023-01-03 03:45,1.67,2.82,0.58875,8.375,2.24144
2023-01-03 04:00,1.625,2.76,0.435,8.15,2.30978
2023-01-03 04:15,1.575,2.745,0.4475,8.275,2.22161
2023-01-03 04:30,1.585,2.76,0.57125,8.0,2.20575
2023-01-03 04:45,1.53,2.805,0.55,7.775,2.18945
2023-01-03 05:00,1.55,2.79,0.54375,7.875,2.03243
2023-01-03 05:15,1.615,2.805,0.505,7.85,2.03151
2023-01-03 05:30,1.575,2.775,0.49375,8.075,2.0026
2023-01-03 05:45,1.61,2.79,0.48375,8.175,1.99877
2023-01-03 06:00,1.66,2.775,0.455,8.225,2.01947
2023-01-03 06:15,1.575,2.775,0.5075,8.2,1.97604
2023-01-03 06:30,1.525,2.775,0.59,8.425,2.04335
2023-01-03 06:45,1.52,2.775,0.555,8.65,1.98349
2023-01-03 07:00,1.645,2.76,0.59125,8.4,1.97444
2023-01-03 07:15,1.685,2.82,0.565,8.4,2.11185
2023-01-03 07:30,1.58,2.76,0.60375,8.525,2.06534
2023-01-03 07:45,1.53,2.73,0.605,8.275,2.02974
2023-01-03 08:00,1.565,2.73,0.50375,9.125,1.96195
2023-01-03 08:15,1.565,2.82,0.6175,8.85,1.9394
2023-01-03 08:30,1.605,2.955,0.57375,9.45,1.93505
2023-01-03 08:45,1.665,2.82,0.6175,8.55,1.92892
2023-01-03 09:00,1.645,2.73,0.6725,9.425,1.91066
2023-01-03 09:15,2.165,2.715,0.59375,9.2,1.98208
2023-01-03 09:30,2.17,2.685,0.61875,9.375,1.85959
2023-01-03 09:45,2.11,2.745,0.58125,9.575,1.94471
2023-01-03 10:00,2.13,2.55,0.66125,9.0,1.9382
2023-01-03 10:15,2.115,4.47,0.7025,9.95,1.89419
2023-01-03 10:30,2.16,4.575,0.6275,8.575,1.9202
2023-01-03 10:45,2.27,4.455,0.58875,9.05,1.91
2023-01-03 11:00,2.135,4.17,0.64,8.625,1.8726
2023-01-03 11:15,2.1,2.775,0.625,9.65,1.89042
2023-01-03 11:30,2.25,2.76,1.04125,9.325,1.89408
2023-01-03 11:45,2.1,2.7,1.58625,8.725,1.88128
2023-01-03 12:00,2.1,2.7,1.5275,9.975,1.78146
2023-01-03 12:15,1.7,2.67,1.45625,12.5,1.6349
2023-01-03 12:30,1.79,2.7,0.84125,11.175,1.53111
2023-01-03 12:45,1.72,2.64,0.59625,10.5,1.62009
2023-01-03 13:00,1.655,2.67,0.62625,8.775,1.64208
2023-01-03 13:15,1.575,2.73,0.575,9.325,1.74627
2023-01-03 13:30,1.725,2.76,0.59,9.525,1.71394
2023-01-03 13:45,1.76,2.79,0.58,8.45,1.78549
2023-01-03 14:00,1.655,2.775,0.7425,8.375,1.57818
2023-01-03 14:15,1.685,2.715,0.75,10.0,1.55955
2023-01-03 14:30,1.845,2.73,0.61625,9.125,1.48417
2023-01-03 14:45,2.28,2.715,0.585,9.5,1.57679
2023-01-03 15:00,2.265,3.96,0.62625,9.05,1.64166
2023-01-03 15:15,2.275,3.66,0.5575,9.575,1.73974
2023-01-03 15:30,2.215,3.51,0.71625,9.725,1.82671
2023-01-03 15:45,2.34,3.285,0.7775,9.4,2.47552
2023-01-03 16:00,2.29,3.0,2.78875,9.4,2.26853
2023-01-03 16:15,2.31,3.765,1.9325,9.725,1.96678
2023-01-03 16:30,2.29,3.615,1.58,9.625,1.62541
2023-01-03 16:45,2.32,3.45,1.3475,10.175,1.46896
2023-01-03 17:00,2.365,3.195,0.5925,11.1,1.40131
2023-01-03 17:15,2.395,2.85,0.63375,10.875,1.61438
2023-01-03 17:30,2.405,2.91,0.64875,11.7,1.68456
2023-01-03 17:45,2.405,2.76,0.58875,10.1,1.48797
2023-01-03 18:00,2.345,2.715,0.6275,10.225,1.47719
2023-01-03 18:15,2.275,2.73,0.6025,9.2,2.11973
2023-01-03 18:30,3.435,2.775,0.63625,9.525,2.32652
2023-01-03 18:45,4.215,2.775,0.59,9.825,2.28466
2023-01-03 19:00,3.695,2.82,0.69875,9.975,2.37024
2023-01-03 19:15,3.595,2.79,0.64375,10.175,2.00414
2023-01-03 19:30,2.735,2.88,0.62875,9.95,2.08629
2023-01-03 19:45,2.405,2.85,0.73375,10.125,2.11661
2023-01-03 20:00,2.5,3.21,0.63875,9.875,2.14153
2023-01-03 20:15,2.415,4.74,0.70375,9.4,1.73153
2023-01-03 20:30,2.415,4.575,0.715,9.95,1.53888
2023-01-03 20:45,2.435,4.62,0.6525,9.8,1.54892
2023-01-03 21:00,2.495,4.32,0.70625,9.1,1.81944
2023-01-03 21:15,2.48,4.44,0.685,9.325,1.91515
2023-01-03 21:30,2.46,4.005,0.7325,8.875,1.86891
2023-01-03 21:45,2.375,3.72,0.77,9.6,1.97698
2023-01-03 22:00,2.275,3.855,0.7225,9.5,2.01667
2023-01-03 22:15,2.36,3.6,0.81375,9.8,2.18557
2023-01-03 22:30,2.335,3.345,0.7825,9.725,2.13731
2023-01-03 22:45,2.305,3.195,0.82875,9.825,2.15166
2023-01-03 23:00,2.415,2.94,0.78875,10.275,2.15917
2023-01-03 23:15,2.66,2.79,0.69,9.825,2.4245
2023-01-03 23:30,2.445,3.36,0.82375,9.75,2.31511
2023-01-03 23:45,2.445,2.925,0.665,9.9,2.22787
2023-01-04 00:00,2.405,2.79,0.71625,9.825,2.18134
2023-01-04 00:15,2.38,2.805,0.70875,9.225,2.17538
2023-01-04 00:30,2.365,2.835,0.71875,9.425,2.10346
2023-01-04 00:45,2.305,2.835,0.735,9.55,2.09626
2023-01-04 01:00,2.345,3.405,0.61375,9.925,1.99182
2023-01-04 01:15,2.38,3.9,0.72875,9.15,2.0883
2023-01-04 01:30,2.34,3.855,0.5675,8.6,2.12489
2023-01-04 01:45,2.335,3.72,0.6775,8.8,2.20482
2023-01-04 02:00,2.37,3.015,0.59,8.325,2.11119
2023-01-04 02:15,2.32,2.76,0.59125,8.45,2.08412
2023-01-04 02:30,2.285,2.685,0.5725,8.475,2.16793
2023-01-04 02:45,2.29,2.685,0.52625,8.1,2.11672
2023-01-04 03:00,2.285,2.685,0.625,8.45,2.02011
2023-01-04 03:15,2.275,2.73,0.57625,8.375,2.04131
2023-01-04 03:30,2.335,2.67,0.62125,8.125,2.08095
2023-01-04 03:45,2.27,2.64,0.64125,8.175,2.01488
2023-01-04 04:00,2.245,2.655,0.59375,7.975,2.05733
2023-01-04 04:15,2.285,2.64,0.55125,8.35,2.08152
2023-01-04 04:30,2.265,2.79,0.4525,8.125,2.1237
2023-01-04 04:45,2.275,2.745,0.60125,8.325,2.04401
2023-01-04 05:00,2.3,2.685,0.6025,7.775,2.0605
2023-01-04 05:15,2.285,2.685,0.58125,8.375,2.02312
2023-01-04 05:30,2.295,2.67,0.61125,8.125,2.03961
2023-01-04 05:45,2.285,2.64,0.55625,8.075,2.08959
2023-01-04 06:00,2.25,2.7,0.56875,8.375,2.07334
2023-01-04 06:15,2.23,2.685,0.47125,7.95,2.03362
2023-01-04 06:30,2.26,2.685,0.56625,8.15,2.0537
2023-01-04 06:45,2.305,2.625,0.5275,8.125,2.08912
2023-01-04 07:00,2.345,2.655,0.6175,7.925,2.06678
2023-01-04 07:15,2.385,2.655,0.57375,8.225,2.03615
2023-01-04 07:30,2.18,2.685,0.6075,8.45,2.05006
2023-01-04 07:45,2.095,2.64,0.74875,9.35,2.08174
2023-01-04 08:00,2.195,2.625,0.685,9.625,1.92683
2023-01-04 08:15,2.135,2.7,0.6725,8.325,1.86678
2023-01-04 08:30,2.23,2.745,0.62375,8.875,2.00736
2023-01-04 08:45,2.365,2.82,0.655,8.15,2.03341
2023-01-04 09:00,2.36,2.67,1.03125,9.175,2.00752
2023-01-04 09:15,2.345,2.7,1.29875,9.15,1.96694
2023-01-04 09:30,2.165,2.7,0.785,9.475,1.95832
2023-01-04 09:45,2.22,2.715,0.84375,9.3,1.9437
2023-01-04 10:00,2.165,2.7,0.67,9.7,1.90767
2023-01-04 10:15,2.19,2.64,0.82125,9.45,2.00103
2023-01-04 10:30,2.175,3.6,0.80625,8.575,2.09647
2023-01-04 10:45,2.18,3.9,0.72375,10.325,2.02109
2023-01-04 11:00,2.47,3.66,0.70375,9.125,2.02336
2023-01-04 11:15,2.225,3.405,0.72625,9.3,2.01983
2023-01-04 11:30,2.28,3.66,0.7425,9.45,2.07861
2023-01-04 11:45,2.27,3.885,0.7225,9.225,2.07024
2023-01-04 12:00,2.345,3.84,0.78625,10.875,2.2057
2023-01-04 12:15,2.245,3.855,0.8225,10.4,1.932
2023-01-04 12:30,2.205,3.795,0.775,9.35,1.80483
2023-01-04 12:45,2.255,3.435,0.725,9.7,1.79721
2023-01-04 13:00,2.275,3.51,0.715,9.25,1.97325
2023-01-04 13:15,2.17,3.54,0.71375,9.4,2.0738
2023-01-04 13:30,2.18,3.72,0.72875,9.575,2.0317
2023-01-04 13:45,2.165,3.645,0.7725,9.3,2.03941
2023-01-04 14:00,2.14,3.555,0.6975,9.65,2.08791
2023-01-04 14:15,2.235,3.495,0.695,9.375,2.0245
2023-01-04 14:30,2.17,2.79,0.7075,9.425,2.03892
2023-01-04 14:45,2.135,2.73,0.625,9.85,1.98613
2023-01-04 15:00,2.265,2.67,0.73125,11.675,2.10471
2023-01-04 15:15,2.23,2.745,0.68375,10.95,2.01785
2023-01-04 15:30,2.235,2.865,0.705,9.875,1.6803
2023-01-04 15:45,2.31,3.0,0.78625,9.575,1.61398
2023-01-04 16:00,2.16,2.88,0.75,9.0,1.57497
2023-01-04 16:15,2.78,3.195,0.7325,9.375,1.6196
2023-01-04 16:30,5.07,3.555,0.72875,10.65,1.63291
2023-01-04 16:45,4.825,4.74,1.67625,11.65,1.65897
2023-01-04 17:00,4.475,4.53,1.675,11.225,1.58748
2023-01-04 17:15,3.46,4.08,1.6275,10.65,1.53434
2023-01-04 17:30,2.355,3.585,1.74125,9.525,1.57552
2023-01-04 17:45,2.435,2.925,1.94875,9.725,1.62086
2023-01-04 18:00,2.42,2.955,1.94625,10.725,1.8033
2023-01-04 18:15,2.53,3.03,1.83625,10.25,2.02476
2023-01-04 18:30,2.54,3.06,1.25375,10.275,2.1169
2023-01-04 18:45,2.465,2.91,0.80625,9.275,1.97121
2023-01-04 19:00,2.395,2.955,0.8175,10.225,2.04621
2023-01-04 19:15,2.385,3.285,0.8875,9.675,2.19758
2023-01-04 19:30,2.42,3.42,0.79,10.95,2.32141
2023-01-04 19:45,2.43,3.63,0.77625,11.175,2.23339
2023-01-04 20:00,2.39,3.915,0.86125,10.975,2.30861
2023-01-04 20:15,2.38,4.5,0.75125,10.025,2.34653
2023-01-04 20:30,2.45,4.86,0.825,9.7,2.38578
2023-01-04 20:45,2.415,5.145,0.89625,10.25,2.47928
2023-01-04 21:00,2.36,4.635,0.985,9.675,2.37932
2023-01-04 21:15,2.43,4.725,0.89625,10.275,2.06575
2023-01-04 21:30,2.42,4.53,1.39875,9.95,2.2062
2023-01-04 21:45,2.405,4.215,1.93625,10.225,2.93129
2023-01-04 22:00,2.47,4.545,1.885,10.35,3.13126
2023-01-04 22:15,2.33,4.605,1.42125,9.775,2.49344
2023-01-04 22:30,2.455,4.29,0.99625,10.35,2.35916
2023-01-04 22:45,2.495,3.765,0.77375,10.8,1.89492
2023-01-04 23:00,2.42,3.405,0.78625,10.95,2.50028
2023-01-04 23:15,2.595,3.405,0.725,11.9,2.84058
2023-01-04 23:30,2.4,3.45,0.7975,12.3,2.97209
2023-01-04 23:45,2.38,3.345,0.81375,12.475,2.52413
2023-01-05 00:00,2.49,3.165,0.81875,10.9,1.97368
2023-01-05 00:15,2.435,3.15,0.82,12.3,1.82778
2023-01-05 00:30,2.275,3.225,0.78375,11.85,2.02532
2023-01-05 00:45,2.335,3.21,0.73375,10.425,2.10237
2023-01-05 01:00,2.265,3.12,0.85125,10.45,2.02747
2023-01-05 01:15,2.265,3.225,0.825,9.4,1.98919
2023-01-05 01:30,2.24,3.255,0.7825,10.675,2.11771
2023-01-05 01:45,2.2,3.045,0.85875,9.325,2.05977
2023-01-05 02:00,2.16,3.12,0.76125,9.875,1.928
2023-01-05 02:15,2.22,3.12,0.78625,9.35,2.00906
2023-01-05 02:30,2.255,3.135,0.765,10.1,2.06641
2023-01-05 02:45,2.17,3.09,0.64625,9.725,1.97868
2023-01-05 03:00,2.15,3.105,0.6925,9.45,2.04561
2023-01-05 03:15,2.155,3.03,0.62625,10.0,2.00318
2023-01-05 03:30,2.26,3.075,0.60375,9.45,2.07285
2023-01-05 03:45,2.27,3.075,0.74,9.9,2.03682
2023-01-05 04:00,2.18,3.105,0.635,9.525,1.94034
2023-01-05 04:15,2.14,3.075,0.65,9.85,1.97555
2023-01-05 04:30,2.175,3.075,0.65,9.8,2.02121
2023-01-05 04:45,2.15,3.045,0.64125,9.475,1.96249
2023-01-05 05:00,2.18,3.06,0.70875,10.0,1.96187
2023-01-05 05:15,2.235,3.09,0.6225,9.05,2.05891
2023-01-05 05:30,2.165,3.105,0.59375,9.725,1.96482
2023-01-05 05:45,2.165,3.105,0.66125,9.45,1.9858
2023-01-05 06:00,2.305,3.075,0.61875,9.7,1.9864
2023-01-05 06:15,2.19,3.075,0.65375,9.6,1.95155
2023-01-05 06:30,2.145,3.105,0.73375,9.675,1.92552
2023-01-05 06:45,2.205,3.105,0.63875,10.45,1.95644
2023-01-05 07:00,2.24,3.09,0.67,9.275,2.02862
2023-01-05 07:15,2.2,3.12,0.8175,9.575,2.00092
2023-01-05 07:30,2.145,3.09,0.83875,9.9,1.94159
2023-01-05 07:45,2.1,3.135,0.78,10.05,1.9499
2023-01-05 08:00,2.2,3.09,0.70625,10.0,1.85413
2023-01-05 08:15,2.425,3.105,0.77375,9.125,1.89543
2023-01-05 08:30,2.2,3.12,0.735,9.825,1.88409
2023-01-05 08:45,2.275,3.135,0.655,9.625,1.90267
2023-01-05 09:00,2.285,3.09,0.7275,10.125,1.92271
2023-01-05 09:15,2.165,3.09,0.86875,10.25,1.9931
2023-01-05 09:30,2.425,3.15,0.68,9.075,1.89709
2023-01-05 09:45,2.235,3.045,0.74875,9.075,1.91511
2023-01-05 10:00,2.22,3.0,0.83375,8.95,1.81836
2023-01-05 10:15,2.11,3.0,0.82,8.95,1.83129
2023-01-05 10:30,2.18,3.09,0.76125,8.7,1.80551
2023-01-05 10:45,2.25,3.075,0.6775,8.65,1.78731
2023-01-05 11:00,2.175,3.075,0.715,7.625,1.90844
2023-01-05 11:15,2.145,3.06,0.75,8.375,1.91029
2023-01-05 11:30,2.145,3.135,1.62125,7.975,1.97197
2023-01-05 11:45,2.125,3.075,1.60875,7.75,2.00977
2023-01-05 12:00,2.285,3.045,1.32875,7.5,1.96071
2023-01-05 12:15,2.16,3.165,1.32125,7.3,1.94517
2023-01-05 12:30,2.115,3.24,0.95125,7.725,2.06467
2023-01-05 12:45,2.105,3.195,0.755,9.0,2.11663
2023-01-05 13:00,2.17,3.165,0.7875,9.525,2.18478
2023-01-05 13:15,2.3,3.045,2.03875,7.875,3.1655
2023-01-05 13:30,2.42,2.94,2.54625,8.4,3.30555
2023-01-05 13:45,2.405,2.97,2.02,8.1,3.09412
2023-01-05 14:00,3.28,3.015,1.80875,8.975,2.77252
2023-01-05 14:15,3.32,2.94,1.2325,10.725,2.50918
2023-01-05 14:30,2.99,3.03,1.34375,10.35,2.35927
2023-01-05 14:45,2.905,2.955,1.285,10.35,2.25078
2023-01-05 15:00,2.26,3.975,1.29125,10.2,2.29402
2023-01-05 15:15,2.21,5.16,1.06,9.825,2.00256
2023-01-05 15:30,2.18,5.625,0.83,9.85,2.04322
2023-01-05 15:45,2.21,5.295,0.85125,10.525,1.98336
2023-01-05 16:00,2.125,4.275,0.90375,10.15,1.95076
2023-01-05 16:15,2.095,3.615,1.64,10.95,1.95439
2023-01-05 16:30,2.195,3.69,1.7025,10.625,1.96258
2023-01-05 16:45,2.205,3.885,1.53875,10.375,1.89713
2023-01-05 17:00,2.27,4.02,1.35,10.6,1.98874
2023-01-05 17:15,2.34,3.81,0.92875,10.525,2.02258
2023-01-05 17:30,2.455,3.405,1.04625,10.325,2.04148
2023-01-05 17:45,2.515,3.21,0.8775,10.125,2.12337
2023-01-05 18:00,2.53,3.21,0.8925,10.55,2.07204
2023-01-05 18:15,2.43,3.24,0.89,10.425,2.00622
2023-01-05 18:30,2.42,3.18,0.94875,11.25,2.19342
2023-01-05 18:45,2.365,3.195,0.86375,11.925,2.09688
2023-01-05 19:00,2.405,3.255,1.11875,10.975,2.11741
2023-01-05 19:15,2.395,3.255,0.9125,11.55,2.12918
2023-01-05 19:30,2.44,3.255,0.78875,10.975,2.23483
2023-01-05 19:45,2.45,3.495,0.8725,11.525,2.16699
2023-01-05 20:00,2.605,3.885,0.915,10.9,2.46925
2023-01-05 20:15,2.77,3.93,0.8775,12.275,2.6285
2023-01-05 20:30,2.685,3.54,0.91625,12.525,2.58766
2023-01-05 20:45,2.45,3.54,0.7875,13.525,2.66633
2023-01-05 21:00,2.475,3.495,0.92,14.025,2.65044
2023-01-05 21:15,2.485,3.57,0.9175,11.875,2.55016
2023-01-05 21:30,2.58,3.435,1.11875,12.175,2.55743
2023-01-05 21:45,2.565,3.495,0.9275,12.0,2.57159
2023-01-05 22:00,2.58,3.435,0.83875,12.15,2.56274
2023-01-05 22:15,2.46,3.45,0.84125,11.6,2.54554
2023-01-05 22:30,2.435,3.57,0.8125,10.775,2.4983
2023-01-05 22:45,2.615,3.735,0.7475,11.35,2.45934
2023-01-05 23:00,2.495,3.42,0.7275,10.675,2.57884
2023-01-05 23:15,2.485,3.36,0.855,11.075,2.55144
2023-01-05 23:30,2.435,3.375,0.7725,10.25,2.46723
2023-01-05 23:45,2.445,3.42,0.82125,10.375,2.42757
2023-01-06 00:00,2.395,3.27,0.745,10.25,2.44431
2023-01-06 00:15,2.33,3.27,0.89375,9.825,2.45184
2023-01-06 00:30,2.41,3.315,1.13,10.1,2.38362
2023-01-06 00:45,2.415,3.225,0.81125,9.85,2.41138
2023-01-06 01:00,2.38,3.285,0.84875,10.625,2.33641
2023-01-06 01:15,2.475,3.225,0.84375,10.1,2.3708
2023-01-06 01:30,2.34,3.225,0.805,9.875,2.30194
2023-01-06 01:45,2.3,3.225,0.785,9.85,2.18867
2023-01-06 02:00,2.275,3.15,0.85875,9.925,2.10742
2023-01-06 02:15,2.275,3.135,0.7475,10.125,1.83256
2023-01-06 02:30,2.215,3.135,0.765,9.475,1.90895
2023-01-06 02:45,2.19,3.15,0.695,10.575,2.07804
2023-01-06 03:00,2.245,3.195,0.76,9.8,2.19984
2023-01-06 03:15,2.215,3.165,0.76875,9.95,2.24084
2023-01-06 03:30,2.285,3.105,0.6425,10.65,2.32626
2023-01-06 03:45,2.29,3.12,0.76375,9.9,2.33022
2023-01-06 04:00,2.24,3.06,0.72625,10.0,2.20584
2023-01-06 04:15,2.23,3.045,0.76,9.525,2.27091
2023-01-06 04:30,2.235,3.105,0.78625,9.875,2.29963
2023-01-06 04:45,2.265,3.015,0.68125,9.55,2.25159
2023-01-06 05:00,2.255,3.045,0.715,9.4,2.26414
2023-01-06 05:15,2.23,3.03,0.75625,10.125,2.31392
2023-01-06 05:30,2.23,3.045,0.6975,9.35,2.26379
2023-01-06 05:45,2.22,3.03,0.69625,10.425,2.2901
2023-01-06 06:00,2.215,3.105,0.75125,9.5,2.25224
2023-01-06 06:15,2.225,3.045,0.69875,9.9,2.27095
2023-01-06 06:30,2.2,3.03,0.78125,9.5,2.29972
2023-01-06 06:45,2.2,3.105,0.78625,10.35,2.22673
2023-01-06 07:00,2.23,3.06,0.7975,9.925,2.34201
2023-01-06 07:15,2.27,3.09,0.82375,9.675,2.3077
2023-01-06 07:30,2.255,3.15,1.37375,10.65,2.30171
2023-01-06 07:45,2.23,3.165,0.935,10.175,2.44984
2023-01-06 08:00,2.33,3.18,0.805,10.15,2.35477
2023-01-06 08:15,2.55,3.24,0.7775,9.625,2.26853
2023-01-06 08:30,2.41,3.105,0.825,10.575,2.13691
2023-01-06 08:45,2.415,3.15,0.925,10.3,2.24443
2023-01-06 09:00,2.305,3.12,0.795,10.475,2.28535
2023-01-06 09:15,2.29,3.075,0.94,10.65,2.4344
2023-01-06 09:30,2.375,3.195,0.785,10.4,2.42902
2023-01-06 09:45,2.27,3.285,0.6425,11.35,2.55143
2023-01-06 10:00,2.335,3.33,0.8225,10.6,2.34635
2023-01-06 10:15,2.25,3.42,0.7175,10.45,2.27675
2023-01-06 10:30,2.2,3.165,0.765,10.9,2.19597
2023-01-06 10:45,2.335,3.315,0.9075,10.425,2.30711
2023-01-06 11:00,2.29,3.21,0.93625,15.1,2.34375
2023-01-06 11:15,2.375,3.285,0.79125,14.225,2.48365
2023-01-06 11:30,2.335,3.285,0.83375,13.225,2.44882
2023-01-06 11:45,2.275,3.405,0.925,10.55,2.44827
2023-01-06 12:00,2.35,3.375,0.77375,9.975,2.33231
2023-01-06 12:15,2.44,4.575,0.94125,10.5,2.52163
2023-01-06 12:30,2.525,5.49,0.8425,9.925,2.41533
2023-01-06 12:45,2.515,5.16,0.74875,11.525,2.47246
2023-01-06 13:00,2.39,4.785,0.81625,10.3,2.58283
2023-01-06 13:15,2.385,4.14,0.88875,10.85,2.59754
2023-01-06 13:30,2.61,4.575,1.77125,10.25,2.45672
2023-01-06 13:45,4.595,4.365,1.64125,10.3,2.51943
2023-01-06 14:00,4.8,4.26,1.64125,10.85,2.5775
2023-01-06 14:15,4.525,4.74,1.32125,10.4,2.48821
2023-01-06 14:30,4.115,5.25,0.925,11.125,2.59691
2023-01-06 14:45,2.57,4.8,1.705,10.275,3.23515
2023-01-06 15:00,2.845,4.5,1.93625,10.725,3.24092
2023-01-06 15:15,2.825,4.05,1.8375,10.85,3.10182
2023-01-06 15:30,2.83,3.42,1.355,13.75,2.71778
2023-01-06 15:45,2.815,3.54,0.87625,13.1,2.32613
2023-01-06 16:00,2.875,3.96,0.8575,11.65,2.53076
2023-01-06 16:15,2.79,4.59,0.8525,11.0,2.4462
2023-01-06 16:30,2.83,4.65,1.42625,10.475,2.43828
2023-01-06 16:45,2.66,5.415,1.54875,11.025,2.45429
2023-01-06 17:00,2.455,4.77,1.56,10.375,2.71728
2023-01-06 17:15,2.635,4.305,1.91125,10.725,2.76776
2023-01-06 17:30,2.59,4.59,2.24375,10.925,2.98842
2023-01-06 17:45,2.885,4.515,1.82125,10.275,3.64736
2023-01-06 18:00,3.065,4.365,1.5875,11.225,3.62307
2023-01-06 18:15,2.93,4.365,1.02,10.675,3.3301
2023-01-06 18:30,2.885,4.665,0.77125,11.35,2.87393
2023-01-06 18:45,2.805,4.68,0.79875,11.825,2.56202
2023-01-06 19:00,2.975,4.44,0.87625,11.6,2.61046
2023-01-06 19:15,3.08,4.2,2.37375,12.975,3.23697
2023-01-06 19:30,3.105,3.585,2.81625,12.2,3.42299
2023-01-06 19:45,3.91,3.525,2.59625,11.9,3.34046
2023-01-06 20:00,3.88,3.66,1.8675,10.475,3.17315
2023-01-06 20:15,3.585,3.63,1.2075,11.2,2.73399
2023-01-06 20:30,3.51,4.59,0.9825,11.35,2.69893
2023-01-06 20:45,2.64,4.77,1.04875,11.8,2.83177
2023-01-06 21:00,3.115,4.665,0.92375,13.175,2.79503
2023-01-06 21:15,3.12,4.62,0.98375,12.075,2.67533
2023-01-06 21:30,3.12,3.765,0.94375,12.15,2.73933
2023-01-06 21:45,3.03,3.75,0.98125,10.35,2.81611
2023-01-06 22:00,2.7,3.69,1.015,11.025,2.80065
2023-01-06 22:15,2.86,3.69,0.8125,10.975,2.85881
2023-01-06 22:30,2.6,3.81,0.96625,10.925,2.62067
2023-01-06 22:45,2.545,3.795,0.855,11.425,2.38677
2023-01-06 23:00,2.605,3.675,0.845,11.125,2.31344
2023-01-06 23:15,2.555,3.705,0.92,13.025,2.44425
2023-01-06 23:30,2.64,3.69,0.94125,12.525,2.39058
2023-01-06 23:45,2.7,3.78,0.9475,13.15,2.32062
2023-01-07 00:00,2.83,3.66,0.9225,12.275,2.32134
2023-01-07 00:15,2.625,3.645,0.9,10.875,2.38485
2023-01-07 00:30,4.235,3.555,0.89875,10.75,2.44289
2023-01-07 00:45,4.53,3.555,0.9525,10.525,2.23044
2023-01-07 01:00,4.205,3.51,0.9075,11.175,2.27364
2023-01-07 01:15,3.705,3.465,0.90125,10.3,2.19772
2023-01-07 01:30,2.5,3.42,1.01375,10.65,2.24149
2023-01-07 01:45,2.375,3.42,0.75,10.175,2.22866
2023-01-07 02:00,2.39,3.39,0.7825,9.825,2.22001
2023-01-07 02:15,2.36,3.435,0.84,9.85,2.07371
2023-01-07 02:30,2.33,3.33,0.72,9.525,2.05021
2023-01-07 02:45,2.275,3.33,0.76375,11.125,2.08073
2023-01-07 03:00,2.34,3.39,0.79875,10.65,2.07042
2023-01-07 03:15,2.31,3.435,0.6825,10.45,2.03562
2023-01-07 03:30,2.33,3.315,0.6525,10.325,2.1245
2023-01-07 03:45,2.32,3.24,0.76375,9.6,2.19059
2023-01-07 04:00,2.32,3.3,0.795,9.825,2.10559
2023-01-07 04:15,2.28,3.3,0.74875,9.65,2.02139
2023-01-07 04:30,2.23,3.27,0.8075,9.9,2.09482
2023-01-07 04:45,2.26,3.24,0.74875,9.575,2.10147
2023-01-07 05:00,2.335,3.315,0.76875,9.55,1.99848
2023-01-07 05:15,2.375,3.195,0.75875,10.125,2.05872
2023-01-07 05:30,2.285,3.165,0.6975,10.075,2.10865
2023-01-07 05:45,2.31,3.21,0.7225,10.175,2.05449
2023-01-07 06:00,2.285,3.24,0.76125,9.675,2.04228
2023-01-07 06:15,2.275,3.21,0.75,10.1,2.07375
2023-01-07 06:30,2.3,3.21,0.8125,9.6,1.92854
2023-01-07 06:45,2.33,3.21,0.755,9.4,2.10521
2023-01-07 07:00,2.275,3.195,0.68125,9.625,2.00049
2023-01-07 07:15,2.31,3.21,0.70625,9.55,1.99754
2023-01-07 07:30,2.195,3.285,0.76375,10.125,2.06175
2023-01-07 07:45,2.26,3.3,0.7,9.475,2.03974
2023-01-07 08:00,2.19,4.14,0.735,10.1,2.02064
2023-01-07 08:15,2.2,5.16,0.95125,9.9,1.9662
2023-01-07 08:30,2.245,5.31,0.70375,10.25,2.09881
2023-01-07 08:45,2.345,4.905,0.805,10.625,2.20763
2023-01-07 09:00,2.52,4.29,0.75375,10.2,2.05706
2023-01-07 09:15,2.68,3.87,0.725,10.4,2.12004
2023-01-07 09:30,2.805,4.26,0.6825,9.8,2.26549
2023-01-07 09:45,2.86,3.9,0.7525,10.525,2.16347
2023-01-07 10:00,2.77,4.005,0.83875,10.075,2.20146
2023-01-07 10:15,2.83,3.525,0.81375,10.375,2.16994
2023-01-07 10:30,2.655,3.315,0.98,10.375,2.35096
2023-01-07 10:45,2.37,3.33,0.69,9.975,2.14503
2023-01-07 11:00,2.355,3.27,0.8275,10.5,2.37085
2023-01-07 11:15,2.395,3.285,0.83375,9.875,2.24978
2023-01-07 11:30,2.34,3.36,0.8575,10.4,2.28664
2023-01-07 11:45,2.465,3.405,0.85875,9.9,2.26925
2023-01-07 12:00,2.5,3.42,1.07625,10.025,2.27381
2023-01-07 12:15,2.345,3.435,2.5675,11.725,2.04383
2023-01-07 12:30,2.375,3.45,2.64375,10.825,1.8198
2023-01-07 12:45,2.365,3.39,2.39625,11.325,1.84882
2023-01-07 13:00,2.315,3.525,1.90125,9.775,1.87431
2023-01-07 13:15,2.53,3.54,1.34125,10.55,1.90736
2023-01-07 13:30,2.46,4.35,1.55,9.925,2.18125
2023-01-07 13:45,2.405,4.965,1.56,11.075,2.32338
2023-01-07 14:00,2.365,5.58,1.54,11.45,2.17148
2023-01-07 14:15,3.37,5.37,1.08125,11.85,2.36439
2023-01-07 14:30,3.39,4.935,0.745,11.675,2.51273
2023-01-07 14:45,3.295,5.79,0.87625,10.2,2.3624
2023-01-07 15:00,3.04,5.73,0.76625,11.1,2.34456
2023-01-07 15:15,2.28,5.55,0.70875,10.2,2.16204
2023-01-07 15:30,2.56,5.01,0.79625,10.3,1.84571
2023-01-07 15:45,2.715,4.32,0.8925,10.475,1.77658
2023-01-07 16:00,2.605,4.065,0.77625,10.9,2.55298
2023-01-07 16:15,2.515,3.87,0.7975,11.55,3.31617
2023-01-07 16:30,3.1,4.41,0.80625,11.55,3.42547
2023-01-07 16:45,3.46,4.185,0.76625,11.25,3.53004
2023-01-07 17:00,3.4,3.66,0.83,10.575,3.58613
2023-01-07 17:15,3.39,4.395,0.86,10.975,3.29509
2023-01-07 17:30,2.81,4.695,0.7525,12.05,3.21919
2023-01-07 17:45,3.32,4.755,0.86125,11.85,2.93128
2023-01-07 18:00,3.755,4.335,1.1325,12.675,2.67221
2023-01-07 18:15,3.78,4.17,0.94125,12.375,2.64969
2023-01-07 18:30,3.375,4.68,0.83375,13.15,2.4339
2023-01-07 18:45,2.78,4.89,0.80375,12.9,2.27374
2023-01-07 19:00,2.535,6.12,0.77,12.675,2.23147
2023-01-07 19:15,2.525,5.58,0.82125,12.25,2.41125
2023-01-07 19:30,2.54,5.55,0.7525,11.65,2.59781
2023-01-07 19:45,2.615,5.28,1.03875,12.325,2.35871
2023-01-07 20:00,2.94,5.235,0.87125,11.35,2.36649
2023-01-07 20:15,3.705,5.1,0.78125,11.7,2.30149
2023-01-07 20:30,4.065,4.275,0.79,13.3,2.29569
2023-01-07 20:45,3.92,3.705,0.8725,13.45,2.48129
2023-01-07 21:00,3.47,3.72,0.895,12.825,2.57683
2023-01-07 21:15,3.98,3.78,0.90125,10.975,2.42773
2023-01-07 21:30,3.58,3.795,1.08875,11.225,2.55618
2023-01-07 21:45,3.41,4.35,0.885,10.55,3.27535
2023-01-07 22:00,3.04,4.755,0.8025,11.05,3.02409
2023-01-07 22:15,2.46,4.89,0.86625,10.95,2.77053
2023-01-07 22:30,2.58,4.68,0.87,11.275,2.60392
2023-01-07 22:45,2.64,3.87,0.98125,11.25,3.15654
2023-01-07 23:00,2.545,3.765,0.94125,11.05,3.2213
2023-01-07 23:15,2.47,4.815,1.085,11.425,2.13401
2023-01-07 23:30,2.425,4.815,0.87375,10.875,2.20816
2023-01-07 23:45,2.46,4.86,0.91875,11.6,2.32124
2023-01-08 00:00,2.48,4.41,1.05,10.175,2.46064
2023-01-08 00:15,2.78,4.47,1.12875,11.125,2.092
2023-01-08 00:30,2.39,4.62,0.86875,10.725,2.12497
2023-01-08 00:45,2.45,4.455,0.9725,10.425,2.24593
2023-01-08 01:00,2.51,4.38,0.87375,10.925,2.11603
2023-01-08 01:15,2.445,3.645,0.88375,10.4,2.04615
2023-01-08 01:30,2.41,3.525,0.73375,11.0,2.07753
2023-01-08 01:45,2.35,3.48,0.7225,10.05,2.06861
2023-01-08 02:00,2.305,3.45,0.77625,10.15,2.12524
2023-01-08 02:15,2.345,3.42,0.81,10.925,2.19079
2023-01-08 02:30,2.245,3.42,0.87625,9.925,2.22883
2023-01-08 02:45,2.24,3.42,0.75375,10.375,2.16602
2023-01-08 03:00,2.31,3.405,0.7525,11.6,2.26563
2023-01-08 03:15,2.325,3.39,0.66375,11.425,2.19499
2023-01-08 03:30,2.325,3.345,0.68625,10.15,2.22025
2023-01-08 03:45,2.26,3.3,0.76125,9.75,2.38796
2023-01-08 04:00,2.26,3.36,0.91125,10.0,2.3312
2023-01-08 04:15,2.225,3.345,0.71375,9.45,2.34832
2023-01-08 04:30,2.17,3.285,0.65875,9.8,2.41448
2023-01-08 04:45,2.31,3.345,0.63625,9.45,2.21812
2023-01-08 05:00,2.275,3.36,0.67375,9.625,2.35908
2023-01-08 05:15,2.32,3.36,0.7125,9.35,2.22401
2023-01-08 05:30,2.305,3.36,0.885,9.55,2.19979
2023-01-08 05:45,2.275,3.345,0.845,9.65,2.27429
2023-01-08 06:00,2.315,3.3,0.69125,9.35,2.34959
2023-01-08 06:15,2.27,3.33,0.6175,9.975,2.30736
2023-01-08 06:30,2.23,3.36,0.7175,9.05,2.33766
2023-01-08 06:45,2.205,3.375,0.695,9.625,2.3551
2023-01-08 07:00,2.21,3.405,0.7125,9.45,2.23455
2023-01-08 07:15,2.245,3.345,0.94375,9.175,2.23693
2023-01-08 07:30,2.165,3.375,0.69,9.775,2.19949
2023-01-08 07:45,2.14,3.435,0.75625,9.25,2.20411
2023-01-08 08:00,2.205,3.36,0.7075,9.0,2.06551
2023-01-08 08:15,2.175,3.315,0.67,9.65,2.13306
2023-01-08 08:30,2.46,3.255,0.67,8.95,2.09406
2023-01-08 08:45,2.395,3.33,0.86,9.825,2.05212
2023-01-08 09:00,3.115,3.39,0.81875,9.725,2.08467
2023-01-08 09:15,3.855,4.26,0.68875,10.2,2.11412
2023-01-08 09:30,3.595,4.245,0.74375,9.375,2.2463
2023-01-08 09:45,3.44,3.975,0.68125,9.525,2.35334
2023-01-08 10:00,2.765,3.87,0.63625,9.8,2.22057
2023-01-08 10:15,2.405,3.42,0.68125,9.4,2.59973
2023-01-08 10:30,2.165,3.45,0.6575,9.85,3.03997
2023-01-08 10:45,2.345,3.45,0.68375,8.525,2.99948
2023-01-08 11:00,2.685,3.51,0.72625,7.45,3.72027
2023-01-08 11:15,3.22,3.57,0.81,8.15,3.16854
2023-01-08 11:30,4.81,4.665,0.72125,7.75,2.91445
2023-01-08 11:45,4.91,5.55,0.79,9.125,2.94856
2023-01-08 12:00,4.865,5.595,0.7475,9.2,2.66975
2023-01-08 12:15,3.625,5.805,0.7725,7.9,2.36929
2023-01-08 12:30,3.01,6.075,0.83625,9.525,2.29842
2023-01-08 12:45,3.335,6.315,0.80375,10.35,2.15957
2023-01-08 13:00,3.715,5.895,0.8425,11.125,2.34299
2023-01-08 13:15,3.735,4.995,0.8425,10.075,2.24174
2023-01-08 13:30,2.91,5.94,1.50375,11.85,2.35845
2023-01-08 13:45,2.375,6.675,2.68125,11.3,2.29474
2023-01-08 14:00,2.35,6.765,2.53125,10.0,2.25442
2023-01-08 14:15,2.72,6.735,1.8125,9.675,2.26531
2023-01-08 14:30,2.56,6.045,1.265,11.0,2.26449
2023-01-08 14:45,4.635,4.83,0.98125,9.85,2.38416
2023-01-08 15:00,4.405,6.195,0.735,10.5,2.25266
2023-01-08 15:15,3.925,6.165,0.95,9.55,2.36234
2023-01-08 15:30,3.46,6.06,1.15,8.875,2.22851
2023-01-08 15:45,2.45,5.97,1.29375,9.375,2.18051
2023-01-08 16:00,2.37,4.515,1.75375,10.25,2.3248
2023-01-08 16:15,2.26,4.08,1.6575,10.625,2.67148
2023-01-08 16:30,3.5,4.68,1.22375,13.1,2.9754
2023-01-08 16:45,3.81,5.655,1.04125,13.025,3.03008
2023-01-08 17:00,4.425,6.825,0.85625,12.55,2.90143
2023-01-08 17:15,4.445,6.555,0.91875,11.325,2.47579
2023-01-08 17:30,3.48,5.265,1.82375,10.95,2.26685
2023-01-08 17:45,3.075,4.725,1.74625,10.925,2.40302
2023-01-08 18:00,2.875,4.71,1.33625,10.8,2.46953
2023-01-08 18:15,2.53,5.505,1.3225,11.275,2.50473
2023-01-08 18:30,2.505,5.355,0.78375,11.225,2.12652
2023-01-08 18:45,2.44,5.61,1.00125,11.725,2.47093
2023-01-08 19:00,2.4,6.105,0.8675,11.875,2.62933
2023-01-08 19:15,3.425,5.43,0.7575,11.475,2.71721
2023-01-08 19:30,3.43,4.905,0.72625,11.15,2.61245
2023-01-08 19:45,3.425,4.245,0.91375,11.375,2.49271
2023-01-08 20:00,3.095,4.14,0.805,10.8,2.54039
2023-01-08 20:15,2.445,3.78,1.03375,11.225,2.58972
2023-01-08 20:30,2.62,3.75,1.28375,11.5,2.66576
2023-01-08 20:45,2.56,3.72,1.2375,11.075,2.79369
2023-01-08 21:00,2.505,3.825,0.8975,11.075,2.66196
2023-01-08 21:15,2.49,3.915,0.88125,10.65,2.57266
2023-01-08 21:30,2.585,3.765,1.145,11.25,2.68718
2023-01-08 21:45,2.735,4.095,0.8875,10.325,2.61004
2023-01-08 22:00,2.805,5.055,0.8725,10.975,2.60213
2023-01-08 22:15,2.61,5.625,0.795,11.2,2.43805
2023-01-08 22:30,2.545,5.055,1.02125,10.775,2.49121
2023-01-08 22:45,2.53,4.485,1.10125,10.925,2.37043
2023-01-08 23:00,2.62,3.75,0.88625,11.9,2.24466
2023-01-08 23:15,2.505,4.71,0.91125,11.15,2.37984
2023-01-08 23:30,2.55,4.77,1.30875,11.875,2.44559
2023-01-08 23:45,2.635,4.59,1.115,11.05,2.26516
2023-01-09 00:00,2.595,4.41,1.37375,10.7,2.36999
2023-01-09 00:15,2.535,3.615,3.055,10.7,2.19129
2023-01-09 00:30,2.47,3.615,2.255,10.775,2.38124
2023-01-09 00:45,2.455,3.555,1.96,11.15,2.53068
2023-01-09 01:00,2.54,3.54,1.67125,10.475,2.38205
2023-01-09 01:15,2.38,3.48,0.82,10.35,2.52339
2023-01-09 01:30,2.355,3.54,0.90375,10.2,2.25923
2023-01-09 01:45,2.365,3.51,1.0425,9.675,2.22733
2023-01-09 02:00,2.34,3.405,0.90375,9.6,2.29336
2023-01-09 02:15,2.305,3.45,0.83625,10.4,2.09962
2023-01-09 02:30,2.28,3.42,0.70625,9.55,2.08119
2023-01-09 02:45,2.345,3.39,0.64625,9.875,2.315
2023-01-09 03:00,2.31,3.405,0.59375,9.15,2.04972
2023-01-09 03:15,2.32,3.375,0.63625,9.2,2.13712
2023-01-09 03:30,2.365,3.36,0.8375,9.6,2.21095
2023-01-09 03:45,2.32,3.405,0.76375,9.1,2.14113
2023-01-09 04:00,2.235,3.345,0.65625,9.7,2.19613
2023-01-09 04:15,2.265,3.24,0.65125,9.3,2.01485
2023-01-09 04:30,2.21,3.24,0.655,9.475,2.13748
2023-01-09 04:45,2.28,3.3,0.635,9.85,2.22778
2023-01-09 05:00,2.365,3.3,0.73,9.825,2.12322
2023-01-09 05:15,2.31,3.3,0.755,10.025,2.16372
2023-01-09 05:30,2.205,3.315,0.65375,9.625,2.22397
2023-01-09 05:45,2.23,3.27,0.695,9.325,2.02295
2023-01-09 06:00,2.285,3.27,0.60875,9.475,2.19263
2023-01-09 06:15,2.31,3.345,0.64,9.05,2.10597
2023-01-09 06:30,2.415,3.27,0.77375,9.2,2.07925
2023-01-09 06:45,2.22,3.33,0.76625,9.75,2.24278
2023-01-09 07:00,2.435,3.315,0.6525,9.6,2.08566
2023-01-09 07:15,2.445,3.315,0.71125,9.825,1.94153
2023-01-09 07:30,2.375,3.435,0.6775,9.55,2.2163
2023-01-09 07:45,2.41,3.36,0.7825,11.325,1.97863
2023-01-09 08:00,2.45,3.315,1.11375,10.225,2.06477
2023-01-09 08:15,2.465,3.375,0.9325,9.7,2.081
2023-01-09 08:30,2.435,3.33,0.7875,10.925,1.98281
2023-01-09 08:45,2.41,3.42,0.83125,10.4,2.14673
2023-01-09 09:00,1.55,1.74,0.42,6.05,0.16396
